Raw value,Corresponding cumulative value,Corresponding Cloglog value,Fractional area,Training omission,Test omission
5.72457E-13,0.000000001,0.000000001,0.988817891,0,0
1.51424E-12,0.000000003,0.000000003,0.987220447,0,0
3.24054E-12,0.00000001,0.000000006,0.984025559,0,0
1.03775E-11,0.000000026,0.000000021,0.981429712,0,0
3.74105E-11,0.000000103,0.000000074,0.977835463,0,0
7.87855E-11,0.000000254,0.000000156,0.975139776,0,0
2.24292E-10,0.000001016,0.000000445,0.969848243,0,0
5.82874E-10,0.000002555,0.000001157,0.966054313,0,0
1.86252E-9,0.000010117,0.000003698,0.959964058,0,0
5.05245E-9,0.000025398,0.000010032,0.955371406,0,0
7.97716E-9,0.000050493,0.000015839,0.951377796,0,0
1.49084E-8,0.000100542,0.000029602,0.946685304,0,0
3.28842E-8,0.000252094,0.000065293,0.940295527,0,0
5.34867E-8,0.000500007,0.000106198,0.934704473,0,0
8.31122E-8,0.001004688,0.000165015,0.927416134,0,0
1.41851E-7,0.002511528,0.000281623,0.91403754,0,0
2.34066E-7,0.005007344,0.000464658,0.900658946,0,0
3.97227E-7,0.010038409,0.000788429,0.884584665,0,0
7.49212E-7,0.025029189,0.001486543,0.857927316,0,0
1.27329E-6,0.050059602,0.00252508,0.833266773,0,0
1.95853E-6,0.10012225,0.00388133,0.802216454,0,0
3.03638E-6,0.200044853,0.006010955,0.76168131,0,0
3.86441E-6,0.300028691,0.007643877,0.732827476,0,0
4.62787E-6,0.400098628,0.009147093,0.709365016,0,0
5.36588E-6,0.500146232,0.010598035,0.689297125,0,0
5.96812E-6,0.600489408,0.011780467,0.671625399,0.047619048,0
6.54878E-6,0.700549963,0.012919189,0.655750799,0.047619048,0
6.80341E-6,0.750608827,0.013418135,0.64826278,0.047619048,0
7.07649E-6,0.800564069,0.013952953,0.641074281,0.047619048,0
7.53569E-6,0.900679777,0.014851599,0.627396166,0.047619048,0
7.99876E-6,1.000681247,0.015757009,0.614516773,0.047619048,0
8.49961E-6,1.100461762,0.016735354,0.602436102,0.047619048,0
9.03348E-6,1.200172871,0.017777128,0.591054313,0.047619048,0
9.63902E-6,1.300112711,0.018957405,0.580371406,0.047619048,0
1.01172E-5,1.400891772,0.019888535,0.5701877,0.047619048,0
1.05671E-5,1.500255712,0.020763535,0.560603035,0.047619048,0
1.17277E-5,1.752028269,0.023017752,0.538039137,0.047619048,0
1.27059E-5,2.001030067,0.024913406,0.517671725,0.047619048,0
1.35029E-5,2.251320949,0.02645528,0.498602236,0.047619048,0
1.42174E-5,2.500086251,0.027835546,0.48063099,0.047619048,0
1.52759E-5,2.750443819,0.029876683,0.463658147,0.047619048,0
1.63818E-5,3.000016083,0.032004664,0.447883387,0.047619048,0
1.75741E-5,3.25130891,0.034293579,0.433107029,0.095238095,0
1.86392E-5,3.500905033,0.036333737,0.419329073,0.095238095,0
1.98095E-5,3.751118571,0.038570484,0.40634984,0.095238095,0
2.08919E-5,4.001475743,0.040634638,0.394069489,0.095238095,0
2.1894E-5,4.252041039,0.042541634,0.382388179,0.095238095,0
2.28243E-5,4.502248279,0.044308756,0.37120607,0.095238095,0
2.38615E-5,4.751414766,0.046274814,0.360523163,0.095238095,0
2.48315E-5,5.002187142,0.048110064,0.350239617,0.095238095,0
2.59398E-5,5.25087092,0.05020257,0.340455272,0.095238095,0
2.71411E-5,5.502633638,0.052465411,0.330970447,0.095238095,0
2.82318E-5,5.751231499,0.05451523,0.321984824,0.095238095,0
2.94283E-5,6.002059788,0.056758964,0.313298722,0.095238095,0
3.04556E-5,6.250606147,0.058680981,0.305011981,0.095238095,0
3.1607E-5,6.501912112,0.060830581,0.29692492,0.095238095,0
3.28455E-5,6.750029747,0.063137263,0.28923722,0.095238095,0
3.43657E-5,7.002711704,0.065961007,0.281749201,0.095238095,0
3.55902E-5,7.251111764,0.068229359,0.274660543,0.095238095,0
3.70798E-5,7.501607166,0.070981123,0.267771565,0.095238095,0
3.87613E-5,7.751450396,0.074077835,0.261182109,0.095238095,0
4.0305E-5,8.001058879,0.076911617,0.254892173,0.095238095,0
4.20654E-5,8.252977894,0.080132678,0.248801917,0.095238095,0
4.37908E-5,8.501231112,0.083278769,0.243011182,0.095238095,0
4.55124E-5,8.751335328,0.086407147,0.237420128,0.095238095,0
4.7474E-5,9.002465327,0.089958586,0.232028754,0.095238095,0
4.95831E-5,9.254546547,0.093761843,0.226837061,0.095238095,0
5.17103E-5,9.503176823,0.097581404,0.221944888,0.095238095,0
5.41799E-5,9.752386881,0.101995785,0.217252396,0.095238095,0
5.60172E-5,10.000709836,0.105265933,0.212759585,0.095238095,0
5.79437E-5,10.251998566,0.10868202,0.208366613,0.095238095,0
6.04492E-5,10.501129803,0.113105248,0.204173323,0.095238095,0
6.29337E-5,10.753819451,0.117469753,0.200079872,0.095238095,0
6.49963E-5,11.004021183,0.121076882,0.196186102,0.095238095,0
6.68399E-5,11.254757108,0.124288468,0.192392173,0.095238095,0
6.83552E-5,11.50512309,0.126919301,0.188698083,0.095238095,0
7.004E-5,11.753903636,0.129835179,0.185103834,0.095238095,0
7.18937E-5,12.002488712,0.133032109,0.181609425,0.095238095,0
7.38076E-5,12.257275748,0.136320638,0.178115016,0.095238095,0
7.63099E-5,12.505329818,0.140601201,0.174820288,0.095238095,0
7.98593E-5,12.755237779,0.146636819,0.171625399,0.095238095,0
8.29929E-5,13.00824014,0.151930078,0.168530351,0.095238095,0
8.55997E-5,13.253080892,0.156308332,0.165634984,0.095238095,0
8.7853E-5,13.504869109,0.160074874,0.162739617,0.095238095,0
9.08332E-5,13.754993282,0.165030367,0.159944089,0.095238095,0
9.49616E-5,14.005446891,0.171847032,0.157248403,0.095238095,0
9.88831E-5,14.256748302,0.178270573,0.154652556,0.095238095,0
1.02974E-4,14.508582283,0.184917567,0.15215655,0.095238095,0
1.07736E-4,14.760357244,0.192589632,0.149760383,0.095238095,0
1.12794E-4,15.003121076,0.200656955,0.147563898,0.095238095,0
1.17106E-4,15.256463548,0.207472099,0.145367412,0.095238095,0
1.22255E-4,15.507110697,0.215533122,0.143270767,0.095238095,0
1.27406E-4,15.758075647,0.223515956,0.141273962,0.095238095,0
1.30191E-4,16.00329489,0.227798901,0.139376997,0.095238095,0
1.32813E-4,16.253968464,0.231807718,0.137480032,0.095238095,0
1.37367E-4,16.511962035,0.238723204,0.135583067,0.095238095,0
1.40842E-4,16.763205209,0.243958561,0.133785942,0.095238095,0
1.43287E-4,17.004723297,0.247619686,0.132088658,0.095238095,0
1.46347E-4,17.250788093,0.252177379,0.130391374,0.095238095,0
1.48856E-4,17.50172178,0.255893365,0.128694089,0.095238095,0
1.53202E-4,17.759519286,0.262286598,0.126996805,0.095238095,0
1.56576E-4,18.007797293,0.267213167,0.125399361,0.095238095,0
1.60828E-4,18.261915437,0.27337305,0.123801917,0.095238095,0
1.65997E-4,18.507262835,0.280793062,0.122304313,0.095238095,0
1.70033E-4,18.759569146,0.286534427,0.120806709,0.095238095,0
1.73768E-4,19.017320976,0.291805013,0.119309105,0.095238095,0
1.77354E-4,19.263395947,0.296830008,0.117911342,0.095238095,0
1.80121E-4,19.513799811,0.300683569,0.116513578,0.095238095,0
1.84698E-4,19.750801443,0.3070098,0.115215655,0.095238095,0
1.88331E-4,20.01162035,0.311991309,0.113817891,0.095238095,0
1.90985E-4,20.258175312,0.315607595,0.112519968,0.095238095,0
1.95829E-4,20.509067432,0.322158689,0.111222045,0.095238095,0
1.97629E-4,20.764794613,0.324577025,0.109924121,0.095238095,0
2.02369E-4,21.005215365,0.330903941,0.108726038,0.095238095,0
2.05369E-4,21.270088322,0.334877762,0.107428115,0.095238095,0
2.10235E-4,21.519993265,0.341273429,0.106230032,0.095238095,0
2.12228E-4,21.752433086,0.34387532,0.105131789,0.095238095,0
2.15596E-4,22.009284332,0.348248144,0.103933706,0.095238095,0
2.195E-4,22.270443243,0.353280692,0.102735623,0.095238095,0
2.24052E-4,22.514611971,0.359100348,0.10163738,0.095238095,0
2.27012E-4,22.762796837,0.36285619,0.100539137,0.095238095,0
2.31987E-4,23.014965587,0.369118505,0.099440895,0.095238095,0
2.34788E-4,23.271268345,0.372617273,0.098342652,0.095238095,0
2.39273E-4,23.509180406,0.378180505,0.097344249,0.095238095,0
2.42252E-4,23.75004826,0.381846795,0.096345847,0.095238095,0
2.45238E-4,24.018715841,0.385501684,0.095247604,0.095238095,0
2.50872E-4,24.266744057,0.392337874,0.094249201,0.095238095,0
2.54611E-4,24.51915677,0.396832122,0.093250799,0.095238095,0
2.58304E-4,24.750798793,0.401238907,0.092352236,0.095238095,0
2.60022E-4,25.009785404,0.40327831,0.091353834,0.095238095,0
2.67084E-4,25.274212391,0.411587125,0.090355431,0.095238095,0
2.72435E-4,25.517339097,0.417806507,0.089456869,0.095238095,0
2.76415E-4,25.764277942,0.42238944,0.088558307,0.095238095,0
2.80691E-4,26.014939398,0.427271896,0.087659744,0.095238095,0
2.83848E-4,26.268809408,0.430851593,0.086761182,0.095238095,0
2.89062E-4,26.527200662,0.436713708,0.08586262,0.095238095,0
2.95391E-4,26.76133814,0.443747351,0.085063898,0.095238095,0
3.02001E-4,27.029380289,0.451000577,0.084165335,0.095238095,0
3.05301E-4,27.272300544,0.454586616,0.083366613,0.095238095,0
3.13043E-4,27.519134689,0.462906418,0.082567891,0.095238095,0
3.15325E-4,27.770752749,0.46533471,0.081769169,0.095238095,0
3.20336E-4,28.025974218,0.470628737,0.080970447,0.095238095,0
3.2286E-4,28.251522748,0.473274777,0.080271565,0.095238095,0
3.27232E-4,28.511493827,0.477827345,0.079472843,0.142857143,0
3.32748E-4,28.775343345,0.483515324,0.078674121,0.142857143,0
3.36314E-4,29.009376908,0.487159801,0.07797524,0.142857143,0
3.40287E-4,29.280419385,0.491189151,0.077176518,0.142857143,0
3.43785E-4,29.519994924,0.49471133,0.076477636,0.142857143,0
3.51664E-4,29.763921341,0.502554842,0.075778754,0.142857143,0
3.58752E-4,30.013172548,0.509507041,0.075079872,0.142857143,0
3.63432E-4,30.266293187,0.514043887,0.07438099,0.142857143,0
3.72433E-4,30.524414116,0.522652447,0.073682109,0.142857143,0
3.76882E-4,30.786623455,0.526850054,0.072983227,0.142857143,0
3.81225E-4,31.013972978,0.530912893,0.072384185,0.142857143,0
3.88529E-4,31.284344882,0.537666769,0.071685304,0.142857143,0
3.92882E-4,31.51944378,0.541646294,0.071086262,0.142857143,0
3.97721E-4,31.757108,0.54602917,0.07048722,0.142857143,0
4.00106E-4,32.036451456,0.548173362,0.069788339,0.142857143,0
4.03435E-4,32.277384157,0.55115061,0.069189297,0.142857143,0
4.0612E-4,32.52048906,0.553536961,0.068590256,0.142857143,0
4.10508E-4,32.766015205,0.55741,0.067991214,0.142857143,0
4.16767E-4,33.014656051,0.562876963,0.067392173,0.142857143,0
4.19379E-4,33.265822828,0.5651381,0.066793131,0.142857143,0
4.25579E-4,33.519773266,0.570458533,0.066194089,0.142857143,0
4.31112E-4,33.777038156,0.575151801,0.065595048,0.142857143,0
4.37841E-4,34.038257332,0.580790202,0.064996006,0.142857143,0
4.42433E-4,34.258676712,0.584595548,0.064496805,0.142857143,0
4.46794E-4,34.525235252,0.588177176,0.063897764,0.142857143,0
4.53794E-4,34.795050371,0.593861894,0.063298722,0.142857143,0
4.5815E-4,35.023475399,0.597359308,0.062799521,0.142857143,0
4.63199E-4,35.254043297,0.601375787,0.062300319,0.142857143,0
4.70345E-4,35.534172934,0.606991686,0.061701278,0.142857143,0
4.75048E-4,35.770979302,0.610644993,0.061202077,0.142857143,0
4.79444E-4,36.009681365,0.614028494,0.060702875,0.142857143,0
4.83005E-4,36.250528957,0.616747974,0.060203674,0.142857143,0
4.87777E-4,36.541780271,0.620362702,0.059604633,0.142857143,0
4.91841E-4,36.78672856,0.623413462,0.059105431,0.142857143,0
4.95985E-4,37.033720186,0.626499977,0.05860623,0.142857143,0
5.00975E-4,37.282738869,0.630181963,0.058107029,0.142857143,0
5.12131E-4,37.536363369,0.638284044,0.057607827,0.142857143,0
5.14453E-4,37.792984973,0.639948082,0.057108626,0.142857143,0
5.20076E-4,38.051498007,0.643945951,0.056609425,0.142857143,0
5.21883E-4,38.259938874,0.645221172,0.056210064,0.142857143,0
5.3256E-4,38.524790854,0.652663257,0.055710863,0.142857143,0
5.40691E-4,38.793103855,0.658225819,0.055211661,0.142857143,0
5.44665E-4,39.010483387,0.660912204,0.0548123,0.142857143,0
5.52577E-4,39.286228457,0.666197545,0.054313099,0.142857143,0
5.54592E-4,39.507922375,0.667530438,0.053913738,0.142857143,0
5.61884E-4,39.787862637,0.672309514,0.053414537,0.142857143,0
5.6406E-4,40.013149264,0.673722571,0.053015176,0.142857143,0
5.70422E-4,40.297176358,0.677818454,0.052515974,0.142857143,0
5.75147E-4,40.52635899,0.680826848,0.052116613,0.142857143,0
5.85129E-4,40.759457548,0.687091085,0.051717252,0.19047619,0
5.92525E-4,41.054800569,0.691652225,0.051218051,0.19047619,0
5.93689E-4,41.292147222,0.69236466,0.05081869,0.19047619,0
5.99366E-4,41.5310887,0.695812427,0.050419329,0.19047619,0
6.0355E-4,41.771982958,0.698329083,0.050019968,0.19047619,0
6.11987E-4,42.015128907,0.703341044,0.049620607,0.19047619,0
6.13699E-4,42.260387041,0.704347624,0.049221246,0.19047619,0
6.15966E-4,42.50636605,0.705675515,0.048821885,0.19047619,0
6.2412E-4,42.754783537,0.710402682,0.048422524,0.19047619,0
6.29084E-4,43.005567916,0.713242769,0.048023163,0.19047619,0
6.33053E-4,43.25803401,0.715494307,0.047623802,0.19047619,0
6.35096E-4,43.511868122,0.716645638,0.047224441,0.19047619,0
6.45167E-4,43.769258207,0.722255906,0.04682508,0.19047619,0
6.49193E-4,44.028789768,0.724467411,0.046425719,0.19047619,0
6.57109E-4,44.290632685,0.728764254,0.046026358,0.19047619,0
6.65527E-4,44.556038095,0.733260503,0.045626997,0.19047619,0
6.70683E-4,44.756867159,0.735977357,0.045327476,0.19047619,0
6.73038E-4,45.025500787,0.737209043,0.044928115,0.19047619,0
6.78421E-4,45.296051448,0.740002662,0.044528754,0.19047619,0
6.81783E-4,45.500222703,0.741732841,0.044229233,0.19047619,0
6.88948E-4,45.774901708,0.745380883,0.043829872,0.19047619,0
6.95648E-4,46.052287945,0.748746162,0.043430511,0.19047619,0
6.99857E-4,46.261811675,0.750837089,0.04313099,0.238095238,0
7.03777E-4,46.542645066,0.752769011,0.042731629,0.238095238,0
7.06025E-4,46.754299392,0.753870097,0.042432109,0.238095238,0
7.08723E-4,47.037400424,0.755184923,0.042032748,0.238095238,0
7.17227E-4,47.251511201,0.759284197,0.041733227,0.238095238,0
7.20214E-4,47.538794623,0.760707735,0.041333866,0.238095238,0
7.22078E-4,47.755306583,0.761591793,0.041034345,0.238095238,0
7.25555E-4,48.045009725,0.763232074,0.040634984,0.238095238,0
7.33403E-4,48.264496418,0.766893126,0.040335463,0.238095238,0
7.39856E-4,48.559970939,0.769860745,0.039936102,0.285714286,0
7.43373E-4,48.782811324,0.771462316,0.039636581,0.285714286,0
7.45553E-4,49.00625465,0.772449679,0.039337061,0.285714286,0
7.50162E-4,49.305885124,0.774522344,0.0389377,0.285714286,0
7.5468E-4,49.532084678,0.77653599,0.038638179,0.285714286,0
7.61357E-4,49.759935831,0.779479517,0.038338658,0.285714286,0
7.67949E-4,50.066414858,0.782346886,0.037939297,0.285714286,0
7.73771E-4,50.297855645,0.784848405,0.037639776,0.285714286,0
7.74449E-4,50.530168891,0.78513803,0.037340256,0.285714286,0
7.79879E-4,50.763486684,0.787442319,0.037040735,0.285714286,0
7.91222E-4,51.00003191,0.792175988,0.036741214,0.285714286,0
7.95451E-4,51.317935157,0.793913947,0.036341853,0.285714286,0
8.02075E-4,51.558251486,0.796606598,0.036042332,0.285714286,0
8.03975E-4,51.799266338,0.797372637,0.035742812,0.285714286,0
8.08825E-4,52.041363623,0.799314666,0.035443291,0.285714286,0
8.14987E-4,52.285063219,0.801755323,0.03514377,0.285714286,0
8.17091E-4,52.529860206,0.802581777,0.034844249,0.285714286,0
8.23444E-4,52.776645235,0.805056504,0.034544728,0.285714286,0
8.25365E-4,53.024147734,0.805798441,0.034245208,0.285714286,0
8.27038E-4,53.272000759,0.806442596,0.033945687,0.285714286,0
8.37555E-4,53.522274278,0.810442554,0.033646166,0.285714286,0
8.52E-4,53.776681116,0.815802455,0.033346645,0.285714286,0
8.54286E-4,54.032570716,0.816636659,0.033047125,0.333333333,0
8.57821E-4,54.289685993,0.817919135,0.032747604,0.333333333,0
8.62465E-4,54.54794161,0.81959053,0.032448083,0.333333333,0
8.63895E-4,54.806945976,0.820101911,0.032148562,0.333333333,0
8.7043E-4,55.066990803,0.822421286,0.031849042,0.333333333,0
8.72814E-4,55.328543975,0.823259889,0.031549521,0.333333333,0
8.81925E-4,55.504661793,0.826428482,0.03134984,0.333333333,0
8.8612E-4,55.770310327,0.827868196,0.031050319,0.333333333,0
8.91094E-4,56.036738647,0.829560034,0.030750799,0.333333333,0
9.02288E-4,56.305478542,0.833306532,0.030451278,0.333333333,0
9.06782E-4,56.577075235,0.834787239,0.030151757,0.333333333,0
9.07235E-4,56.758494171,0.834936023,0.029952077,0.333333333,0
9.12037E-4,57.031662391,0.836502313,0.029652556,0.333333333,0
9.2085E-4,57.307050513,0.839338608,0.029353035,0.333333333,0
9.21893E-4,57.583563572,0.83967099,0.029053514,0.380952381,0
9.23161E-4,57.768140867,0.840074023,0.028853834,0.380952381,0
9.24331E-4,58.045269433,0.840445222,0.028554313,0.380952381,0
9.28044E-4,58.323427324,0.841617272,0.028254792,0.380952381,0
9.29932E-4,58.50938497,0.842209837,0.028055112,0.380952381,0
9.33612E-4,58.78913623,0.843358737,0.027755591,0.380952381,0
9.39103E-4,59.070108233,0.845057225,0.02745607,0.380952381,0
9.45215E-4,59.258886501,0.846926266,0.02725639,0.380952381,0
9.54778E-4,59.544061012,0.849805492,0.026956869,0.380952381,0
9.5666E-4,59.831011366,0.85036581,0.026657348,0.380952381,0
9.578E-4,60.022539984,0.850703987,0.026457668,0.380952381,0
9.65892E-4,60.311591251,0.853083713,0.026158147,0.380952381,0
9.73887E-4,60.506075872,0.855397462,0.025958466,0.380952381,0
9.76837E-4,60.798987068,0.856242202,0.025658946,0.380952381,0
9.81407E-4,61.093032113,0.857540719,0.025359425,0.428571429,0
9.87769E-4,61.29010977,0.859329028,0.025159744,0.428571429,0
9.91166E-4,61.587180105,0.860274674,0.024860224,0.476190476,0
9.93898E-4,61.785761858,0.861030533,0.024660543,0.476190476,0
1.00249E-3,62.085983458,0.863382007,0.024361022,0.523809524,0
1.00575E-3,62.286997103,0.864263052,0.024161342,0.523809524,0
1.00992E-3,62.589475598,0.865381882,0.023861821,0.523809524,0
1.01722E-3,62.792295371,0.867319678,0.023662141,0.523809524,0
1.02596E-3,63.098921033,0.869601181,0.02336262,0.523809524,0
1.02794E-3,63.304426199,0.870113326,0.023162939,0.523809524,0
1.02915E-3,63.510179108,0.870424262,0.022963259,0.523809524,0
1.03745E-3,63.820225552,0.872542251,0.022663738,0.571428571,0
1.04046E-3,64.028069213,0.87330249,0.022464058,0.571428571,0
1.04415E-3,64.34098513,0.87422655,0.022164537,0.571428571,0
1.0523E-3,64.550938415,0.876246281,0.021964856,0.571428571,0
1.05435E-3,64.761763019,0.876750011,0.021765176,0.571428571,0
1.06098E-3,65.079813544,0.87836247,0.021465655,0.571428571,0
1.06315E-3,65.292399839,0.878884454,0.021265974,0.571428571,0
1.06417E-3,65.505144805,0.879128361,0.021066294,0.571428571,0
1.07031E-3,65.825908456,0.880594267,0.020766773,0.571428571,0
1.07887E-3,66.041406826,0.882605336,0.020567093,0.571428571,0
1.08334E-3,66.258008116,0.88364272,0.020367412,0.571428571,0
1.08665E-3,66.583676452,0.884406171,0.020067891,0.571428571,0
1.09016E-3,66.801617943,0.885209264,0.019868211,0.571428571,0
1.09681E-3,67.020375162,0.886714439,0.01966853,0.571428571,0
1.10462E-3,67.351286681,0.888457428,0.01936901,0.571428571,0
1.10776E-3,67.572766151,0.889151598,0.019169329,0.571428571,0
1.10904E-3,67.794557443,0.889433277,0.018969649,0.571428571,0
1.11721E-3,68.017864873,0.891211386,0.018769968,0.571428571,0
1.13127E-3,68.354905548,0.894207109,0.018470447,0.571428571,0
1.13309E-3,68.581497277,0.894587497,0.018270767,0.571428571,0
1.13595E-3,68.808541371,0.895185398,0.018071086,0.571428571,0
1.14535E-3,69.037016898,0.897122964,0.017871406,0.571428571,0
1.15631E-3,69.267418196,0.899338164,0.017671725,0.571428571,0
1.16543E-3,69.616104074,0.901144747,0.017372204,0.571428571,0
1.16879E-3,69.849715631,0.901801776,0.017172524,0.571428571,0
1.17033E-3,70.083717056,0.902101271,0.016972843,0.571428571,0
1.1762E-3,70.318842985,0.903235525,0.016773163,0.571428571,0
1.18206E-3,70.555094896,0.904355217,0.016573482,0.619047619,0
1.18809E-3,70.792453981,0.905494286,0.016373802,0.619047619,0
1.19088E-3,71.030609011,0.90601655,0.016174121,0.619047619,0
1.19211E-3,71.268962119,0.906246058,0.015974441,0.619047619,0
1.1955E-3,71.507872025,0.906874052,0.01577476,0.619047619,0
1.2022E-3,71.868125112,0.908104268,0.01547524,0.619047619,0
1.20476E-3,72.109058574,0.908570766,0.015275559,0.619047619,0
1.21463E-3,72.351133453,0.910345395,0.015075879,0.619047619,0
1.2156E-3,72.594251597,0.910517743,0.014876198,0.619047619,0
1.22196E-3,72.838459573,0.911640019,0.014676518,0.619047619,0
1.22858E-3,73.083748179,0.912794106,0.014476837,0.619047619,0
1.23483E-3,73.330559408,0.913869903,0.014277157,0.619047619,0
1.23983E-3,73.578101005,0.914720723,0.014077476,0.666666667,0
1.24421E-3,73.826722524,0.915459625,0.013877796,0.666666667,0
1.24511E-3,74.075709621,0.915610375,0.013678115,0.666666667,0
1.25409E-3,74.32641025,0.917101713,0.013478435,0.666666667,0
1.2603E-3,74.578412085,0.918118302,0.013278754,0.666666667,0
1.27068E-3,74.832227178,0.919788844,0.013079073,0.666666667,0
1.27579E-3,75.087203123,0.920598107,0.012879393,0.666666667,0
1.29034E-3,75.34468504,0.92285912,0.012679712,0.666666667,0
1.29105E-3,75.602860241,0.922967588,0.012480032,0.666666667,0
1.30166E-3,75.862335632,0.924573341,0.012280351,0.666666667,0
1.32556E-3,76.125116797,0.928068797,0.012080671,0.666666667,0
1.32748E-3,76.257864701,0.928343076,0.011980831,0.666666667,0
1.33244E-3,76.524307185,0.929045722,0.01178115,0.666666667,0
1.34617E-3,76.792359062,0.930954037,0.01158147,0.666666667,0
1.35711E-3,77.062973008,0.932437396,0.011381789,0.666666667,0
1.3701E-3,77.335923267,0.93415826,0.011182109,0.666666667,0
1.38376E-3,77.611664939,0.935919771,0.010982428,0.666666667,0
1.39793E-3,77.751457987,0.937697587,0.010882588,0.666666667,0
1.40353E-3,78.032070479,0.938386745,0.010682907,0.666666667,0
1.43278E-3,78.318552601,0.941863526,0.010483227,0.666666667,0
1.43974E-3,78.606077564,0.942660495,0.010283546,0.666666667,0
1.43997E-3,78.750074562,0.942687096,0.010183706,0.666666667,0
1.48623E-3,79.042777147,0.947716934,0.009984026,0.666666667,0
1.48706E-3,79.340122971,0.947802783,0.009784345,0.714285714,0
1.5004E-3,79.639507914,0.949167111,0.009584665,0.714285714,0
1.51121E-3,79.790629104,0.950247206,0.009484824,0.761904762,0
1.53459E-3,80.095583734,0.952503854,0.009285144,0.761904762,0
1.56849E-3,80.252432551,0.955595631,0.009185304,0.761904762,0
1.60362E-3,80.572469522,0.958587257,0.008985623,0.761904762,0
1.60811E-3,80.893733493,0.958955012,0.008785942,0.761904762,0
1.61203E-3,81.054936036,0.959273071,0.008686102,0.761904762,0
1.63875E-3,81.382675287,0.961377823,0.008486422,0.761904762,0
1.65098E-3,81.547773486,0.962304652,0.008386581,0.761904762,0
1.75148E-3,81.888230237,0.969123674,0.008186901,0.761904762,0
1.76016E-3,82.064246632,0.969651622,0.008087061,0.761904762,0
1.80287E-3,82.423762107,0.972118888,0.00788738,0.761904762,0
1.82798E-3,82.606560388,0.973475184,0.00778754,0.761904762,0
1.83385E-3,82.789944967,0.973782185,0.0076877,0.80952381,0
1.84706E-3,83.159345589,0.974461303,0.007488019,0.80952381,0
1.86493E-3,83.345838281,0.975351306,0.007388179,0.80952381,0
1.87642E-3,83.533480458,0.975907525,0.007288339,0.80952381,0
1.90437E-3,83.912713694,0.977207961,0.007088658,0.80952381,0
1.92911E-3,84.105625176,0.978300889,0.006988818,0.80952381,0
1.9362E-3,84.299244702,0.978603823,0.006888978,0.80952381,0
1.9431E-3,84.687714496,0.978894982,0.006689297,0.80952381,0
1.95447E-3,84.883161065,0.979366125,0.006589457,0.80952381,0
1.96696E-3,85.079857087,0.97987174,0.006489617,0.80952381,0
1.96827E-3,85.276684329,0.979924116,0.006389776,0.80952381,0
1.9828E-3,85.671931108,0.980494947,0.006190096,0.80952381,0
2.02274E-3,85.874204993,0.981982026,0.006090256,0.80952381,0
2.02335E-3,86.076539707,0.982003776,0.005990415,0.80952381,0
2.0358E-3,86.280119609,0.982443271,0.005890575,0.80952381,0
2.03803E-3,86.687602649,0.982520732,0.005690895,0.80952381,0
2.04779E-3,86.892381232,0.982856209,0.005591054,0.80952381,0
2.07502E-3,87.099883099,0.983758624,0.005491214,0.80952381,0
2.09221E-3,87.309103772,0.984303572,0.005391374,0.80952381,0
2.09295E-3,87.51839882,0.984326736,0.005291534,0.80952381,0
2.11046E-3,87.939517567,0.98486222,0.005091853,0.80952381,0
2.12079E-3,88.151596429,0.98516958,0.004992013,0.80952381,0
2.14745E-3,88.366341166,0.985934199,0.004892173,0.80952381,0
2.16481E-3,88.582822485,0.986410948,0.004792332,0.80952381,0
2.17869E-3,88.800691908,0.98678038,0.004692492,0.80952381,0
2.1794E-3,89.018631441,0.986798771,0.004592652,0.80952381,0
2.21269E-3,89.459450358,0.987643274,0.004392971,0.80952381,0
2.22688E-3,89.682137906,0.987986482,0.004293131,0.80952381,0
2.2313E-3,89.905268376,0.988091674,0.004193291,0.80952381,0
2.24027E-3,90.129295157,0.988301735,0.00409345,0.80952381,0
2.25322E-3,90.354616686,0.98859865,0.00399361,0.80952381,0
2.25617E-3,90.580233752,0.98866536,0.00389377,0.80952381,0
2.25751E-3,90.805984362,0.988695376,0.00379393,0.80952381,0
2.26753E-3,91.032737181,0.988918115,0.003694089,0.80952381,0
2.27523E-3,91.260259904,0.989086239,0.003594249,0.80952381,0
2.30016E-3,91.720129486,0.989613311,0.003394569,0.80952381,0
2.3104E-3,91.951169755,0.989822499,0.003294728,0.80952381,0
2.3163E-3,92.182799306,0.989940891,0.003194888,0.80952381,0
2.31683E-3,92.414482634,0.989951627,0.003095048,0.80952381,0
2.32174E-3,92.646657109,0.990049145,0.002995208,0.80952381,0
2.34348E-3,92.881005167,0.990469479,0.002895367,0.80952381,0
2.35763E-3,93.11676788,0.990733462,0.002795527,0.80952381,0
2.37336E-3,93.354104084,0.991018506,0.002695687,0.80952381,0
2.37523E-3,93.591627576,0.991051844,0.002595847,0.80952381,0
2.41582E-3,93.833209884,0.991744704,0.002496006,0.80952381,0
2.41731E-3,94.074940876,0.99176904,0.002396166,0.80952381,0
2.41984E-3,94.31692509,0.991810322,0.002296326,0.80952381,0
2.4335E-3,94.560275551,0.992029509,0.002196486,0.80952381,0
2.44789E-3,94.805064489,0.992253946,0.002096645,0.857142857,0
2.4606E-3,95.051124645,0.992447022,0.001996805,0.857142857,0
2.46322E-3,95.297446878,0.992486224,0.001896965,0.857142857,0
2.46771E-3,95.544217583,0.992552837,0.001797125,0.857142857,0
2.48205E-3,95.792422837,0.992761974,0.001697284,0.857142857,0
2.48504E-3,96.040926504,0.992804735,0.001597444,0.857142857,0
2.50317E-3,96.29124398,0.993059264,0.001497604,0.857142857,0
2.52112E-3,96.543356228,0.993302257,0.001397764,0.857142857,0
2.55755E-3,96.799111432,0.993769632,0.001297923,0.857142857,0
2.55847E-3,97.054958594,0.993780998,0.001198083,0.857142857,0
2.58394E-3,97.31335265,0.994087682,0.001098243,0.904761905,0
2.59525E-3,97.572877439,0.994218947,0.000998403,0.904761905,0
2.61265E-3,97.834142674,0.994415319,0.000898562,0.904761905,0
2.63154E-3,98.097296812,0.994620901,0.000798722,0.904761905,0
2.63738E-3,98.361034529,0.994682872,0.000698882,0.904761905,0
2.66604E-3,98.627638152,0.994977,0.000599042,0.952380952,0
2.69019E-3,98.896656766,0.995212182,0.000499201,0.952380952,0
2.70154E-3,99.166810622,0.995318899,0.000399361,0.952380952,0
2.74848E-3,99.441658281,0.995735469,0.000299521,1,0
2.767E-3,99.71835807,0.995889453,0.000199681,1,0
2.81642E-3,100,0.996273669,0.00009984,1,0
